uploaderId,type,id,live_status
@ORAFKUN,streams,MHApYmVp8Z8,was_live
@ORAFKUN,streams,_V6AsaRIkP4,was_live
@ORAFKUN,streams,atG-MZykMiA,was_live
@ORAFKUN,streams,w1VadYkQOhI,was_live
@ORAFKUN,streams,dSwW4HSydOY,was_live
@ORAFKUN,streams,_esHGO-hkR4,was_live
@ORAFKUN,streams,jazBniebVos,was_live
@ORAFKUN,streams,_K_hFGna9I8,was_live
@ORAFKUN,streams,Q4x2WMtN-Xo,was_live
@ORAFKUN,streams,MAA6gDPtgEs,was_live
@ORAFKUN,streams,BTu2PqNRlbE,was_live
@ORAFKUN,streams,hWyOG-Rupqc,was_live
@ORAFKUN,streams,qtvILdpzNPs,was_live
@ORAFKUN,streams,nCccGX4_Ni8,was_live
@ORAFKUN,streams,jeIocKfUwWw,was_live
@ORAFKUN,streams,GsEIX5M7ZSE,was_live
@ORAFKUN,streams,UuqGvZSky-8,was_live
@ORAFKUN,streams,hi0P7h6n4WU,was_live
@ORAFKUN,streams,hPSvKdLd6yI,was_live
@ORAFKUN,streams,Nw9MP3Rk3jQ,was_live
@ORAFKUN,streams,K7lZlmolxWc,was_live
@ORAFKUN,streams,7Ny__5SKU7Q,was_live
@ORAFKUN,streams,6JdpSMq5VJs,was_live
@ORAFKUN,streams,ERiEL4Cx61A,was_live
@ORAFKUN,streams,U7XRLUKhq-k,was_live
@ORAFKUN,streams,E6yLwSpjwFA,was_live
@ORAFKUN,streams,ILLMr5VbfkU,was_live
@ORAFKUN,streams,m2QOpKkj9kI,was_live
@ORAFKUN,streams,HJTb-Clp3A0,was_live
@ORAFKUN,streams,6vFV0z8xKWI,was_live
@ORAFKUN,streams,QNgySKDjCh4,was_live
@ORAFKUN,streams,WKic9Y6HlCo,was_live
@ORAFKUN,streams,_m6es8fFQX8,was_live
@ORAFKUN,streams,iL4Z2poUw2I,was_live
@ORAFKUN,streams,s9ps3qnhKpw,was_live
@ORAFKUN,streams,6oG_A_SLfe4,was_live
@ORAFKUN,streams,h5Fyc_xU2KU,was_live
@ORAFKUN,streams,8Glu32RSNP4,was_live
@ORAFKUN,streams,-bKG_j4qqls,was_live
@ORAFKUN,streams,1F6W4fM4Ju4,was_live
@ORAFKUN,streams,tIDB8GfFpKo,was_live
@ORAFKUN,streams,-sYZwbNGdhg,was_live
@ORAFKUN,streams,iMhRYQGaORM,was_live
@ORAFKUN,streams,fmdiT90iSMI,was_live
@ORAFKUN,streams,vQy8RT8O69c,was_live
@ORAFKUN,streams,9Q5xJ8g6PkA,was_live
@ORAFKUN,streams,WmzwOLi-sqI,was_live
@ORAFKUN,streams,wq2iuFrt2X4,was_live
@ORAFKUN,streams,-O3TLcMV6qY,was_live
@ORAFKUN,streams,LmRxQHYstTU,was_live
@ORAFKUN,streams,ryR7m9shIyo,was_live
@ORAFKUN,streams,I34gNkZ__og,was_live
@ORAFKUN,streams,S4cjjBHiXx8,was_live
@ORAFKUN,streams,JitGAaIFKg4,was_live
@ORAFKUN,streams,W7UBkIcD9UE,was_live
@ORAFKUN,streams,M_3jHU6DmwY,was_live
@ORAFKUN,streams,mWez2GqSdJ0,was_live
@ORAFKUN,streams,MEHClzGaPWs,was_live
@ORAFKUN,streams,SKzIX6bSjMg,was_live
@ORAFKUN,streams,wjTF3DHo5qw,was_live
@ORAFKUN,streams,3edb9kDU7LY,was_live
@ORAFKUN,streams,9XK2iLUWPDY,was_live
@ORAFKUN,streams,H63XolGTXIo,was_live
@ORAFKUN,streams,q16EewY1WK0,was_live
@ORAFKUN,streams,xRbHoFaX0Uk,was_live
@ORAFKUN,streams,ofpKZ2H18yw,was_live
@ORAFKUN,streams,N5JMe66H9BM,was_live
@ORAFKUN,streams,Ta4SfKgDXkc,was_live
@ORAFKUN,streams,yjwahyf90pM,was_live
@ORAFKUN,streams,UMkMY1ITO3U,was_live
@ORAFKUN,streams,S3MNij7W2W0,was_live
@ORAFKUN,streams,j0IhmoznUT8,was_live
@ORAFKUN,streams,9u02fEpg4DM,was_live
@ORAFKUN,streams,OiCNy0l7K0o,was_live
@ORAFKUN,streams,MQ-jsua0CdI,was_live
@ORAFKUN,streams,B7MG6NbQ0Oo,was_live
@ORAFKUN,streams,3tXUa2YJ5Dc,was_live
@ORAFKUN,streams,M9lfhbHOk38,was_live
@ORAFKUN,streams,SJmxEyTC7P0,was_live
@ORAFKUN,streams,UjfbsOFlvPI,was_live
@ORAFKUN,streams,2XoT8Op0OfI,was_live
@ORAFKUN,streams,uQSON4cF9MI,was_live
@ORAFKUN,streams,xKp0E1732kA,was_live
@ORAFKUN,streams,szV6Lp_zaRw,was_live
@ORAFKUN,streams,7lgAie3exCg,was_live
@ORAFKUN,streams,DMzYxoJqA9A,was_live
@ORAFKUN,streams,K_Js6qT96LQ,was_live
@ORAFKUN,streams,64w7aQrIINY,was_live
@ORAFKUN,streams,okpMFdVFZHE,was_live
@ORAFKUN,streams,BcCnhuzI9gw,was_live
@ORAFKUN,streams,7UBFKj9aT5o,was_live
@ORAFKUN,streams,Kz5BcTLrLxU,was_live
@ORAFKUN,streams,9b6nehaS5Ls,was_live
@ORAFKUN,streams,J21pV0FsJKs,was_live
@ORAFKUN,streams,mn4VKlEOqgw,was_live
@ORAFKUN,streams,A-hZf4PcAIg,was_live
@ORAFKUN,streams,Xb9ME777MLI,was_live
@ORAFKUN,streams,70PA5Mj7I9g,was_live
@ORAFKUN,streams,zm0a4jXbvrI,was_live
@ORAFKUN,streams,qSHXmGcSzgE,was_live
@ORAFKUN,streams,R4ViQwq5K3o,was_live
@ORAFKUN,streams,3V4Q5t3a0gA,was_live
@ORAFKUN,streams,4NMdlsM8-0U,was_live
@ORAFKUN,streams,6r5T1uvvg8g,was_live
@ORAFKUN,streams,6cjjcOlBNoY,was_live
@ORAFKUN,streams,A1BijaI91O4,was_live
@ORAFKUN,streams,HFD2Kyu2z9Y,was_live
@ORAFKUN,streams,YhdcP5eTtbU,was_live
@ORAFKUN,streams,JOr7HA0wEu4,was_live
@ORAFKUN,streams,uQeRzwJTVvI,was_live
@ORAFKUN,streams,yKtakF75BRk,was_live
@ORAFKUN,streams,FJqxH5l1mNA,was_live
@ORAFKUN,streams,oK93gtvgB20,was_live
@ORAFKUN,streams,LNPwxlatNIE,was_live
@ORAFKUN,streams,dTqhqMGFrgY,was_live
@ORAFKUN,streams,3v4jHPb4Qj4,was_live
@ORAFKUN,streams,C38s4_1kVfw,was_live
@ORAFKUN,streams,ySPaT3ePnYo,was_live
@ORAFKUN,streams,x43YTQX1ixg,was_live
@ORAFKUN,streams,3duWE2GGHqY,was_live
@ORAFKUN,streams,w2Qfz8nflEI,was_live
@ORAFKUN,streams,speTtqxQf-M,was_live
@ORAFKUN,streams,IOgpNBKZoiA,was_live
@ORAFKUN,streams,UKBlSAPwh7Q,was_live
@ORAFKUN,streams,vWFPHPF75gM,was_live
@ORAFKUN,streams,jKDUJqUdXU4,was_live
@ORAFKUN,streams,3Qt2zXLLCts,was_live
@ORAFKUN,streams,J2VrKhQrwyc,was_live
@ORAFKUN,streams,JvfKxuDt0AQ,was_live
@ORAFKUN,streams,8qidKzuKZN4,was_live
@ORAFKUN,streams,FM_mnIEjRCI,was_live
@ORAFKUN,streams,zVJzQwykvnw,was_live
@ORAFKUN,streams,l7ie-bNB2As,was_live
@ORAFKUN,streams,lJv7ZuxjS98,was_live
@ORAFKUN,streams,8tCA9Hy5uus,was_live
@ORAFKUN,streams,fwhwIbZoa5k,was_live
@ORAFKUN,streams,Q5DyGqODxl4,was_live
@ORAFKUN,streams,AQ6OyN0UeJc,was_live
@ORAFKUN,streams,BHKheAkmaL8,was_live
@ORAFKUN,streams,KP9KW3AB0vc,was_live
@ORAFKUN,streams,sezPhl5pd6I,was_live
@ORAFKUN,streams,go2A76q3K84,was_live
@ORAFKUN,streams,3k9LggIWvQg,was_live
@ORAFKUN,streams,Oh_sJ1mk2Bw,was_live
@ORAFKUN,streams,9XE-LWYC8gE,was_live
@ORAFKUN,streams,OwlX8DrcOlI,was_live
@ORAFKUN,streams,17kU2ZfHENQ,was_live
@ORAFKUN,streams,y9_BOPNgk2M,was_live
@ORAFKUN,streams,Xod3YGGmmlc,was_live
@ORAFKUN,streams,6FYjPqoW8Ts,was_live
@ORAFKUN,streams,tQG-7oDol20,was_live
@ORAFKUN,streams,Bw9Vn2dEZWw,was_live
@ORAFKUN,streams,h9I0W6gZlNU,was_live
@ORAFKUN,streams,QkPD8J-mkto,was_live
@ORAFKUN,streams,qxLJmvkGkNE,was_live
@ORAFKUN,streams,cgCVOQwKWFc,was_live
@ORAFKUN,streams,XK68hxUIU0I,was_live
@ORAFKUN,streams,PKap2wpPhBo,was_live
@ORAFKUN,streams,AunTXcKVHoU,was_live
@ORAFKUN,streams,bjPUiUMkan0,was_live
@ORAFKUN,streams,O4HAMnd8sSg,was_live
@ORAFKUN,streams,IjTbR02LUvQ,was_live
@ORAFKUN,streams,YvVN7Xg9eyg,was_live
@ORAFKUN,streams,n1_kVdH2Z7s,was_live
@ORAFKUN,streams,o6_u4pnpoZQ,was_live
@ORAFKUN,streams,44CeEMrqSDY,was_live
@ORAFKUN,streams,2ZKYBt7hvYM,was_live
@ORAFKUN,streams,4Q0zveAS6c0,was_live
@ORAFKUN,streams,W3gkcQFJh9I,was_live
@ORAFKUN,streams,PekcEv0qNmQ,was_live
@ORAFKUN,streams,ghB4rwfm34s,was_live
@ORAFKUN,streams,_bViou6S260,was_live
@ORAFKUN,streams,lQxCxXoziWw,was_live
@ORAFKUN,streams,orSN9hSfG0w,was_live
@ORAFKUN,streams,P_S7r3N2IGQ,was_live
@ORAFKUN,streams,aI2tF9TJbZo,was_live
@ORAFKUN,streams,-eLGjyjxkI0,was_live
@ORAFKUN,streams,IY0j4biSnUk,was_live
@ORAFKUN,streams,jZXlb6qRzOE,was_live
@ORAFKUN,streams,uFPv-yyscn8,was_live
@ORAFKUN,streams,7heomNoTa8U,was_live
@ORAFKUN,streams,-J0FpqMdBio,was_live
@ORAFKUN,streams,1fy8JGWCF84,was_live
@ORAFKUN,streams,jzhi9B_Oc4A,was_live
@ORAFKUN,streams,-Xub855ykLg,was_live
@ORAFKUN,streams,vWaxAnL2lWw,was_live
@ORAFKUN,streams,64G5kiMaqvc,was_live
@ORAFKUN,streams,V4N-anoJp0A,was_live
@ORAFKUN,streams,HvBSgFBjKGU,was_live
@ORAFKUN,streams,XccmkwBGzJI,was_live
@ORAFKUN,streams,eKmkncLAA4g,was_live
@ORAFKUN,streams,mBgeRAPWjZo,was_live
@ORAFKUN,streams,cp1gze9zNjM,was_live
@ORAFKUN,streams,fIqXsdSUEQc,was_live
@ORAFKUN,streams,4f0OaJmR0Lw,was_live
@ORAFKUN,streams,jj2ItRjAVTI,was_live
@ORAFKUN,streams,WeZ2fUA83z0,was_live
@ORAFKUN,streams,01i6Syyyq2U,was_live
@ORAFKUN,streams,y31TrdABMAc,was_live
@ORAFKUN,streams,NUciN_hDyDo,was_live
@ORAFKUN,streams,28kIlRVF1LM,was_live
@ORAFKUN,streams,Bs-TeLFi6YM,was_live
@ORAFKUN,streams,77RDMt8Vrhk,was_live
@ORAFKUN,streams,fbgH5Qos74c,was_live
@ORAFKUN,streams,W5K7yMt2Nv0,was_live
@ORAFKUN,streams,TuhurS4bQI4,was_live
@ORAFKUN,streams,snxCaomA-As,was_live
@ORAFKUN,streams,T0kz8XUrx6g,was_live
@ORAFKUN,streams,TQ-BmP7XNE0,was_live
@ORAFKUN,streams,kyiV6yCGPao,was_live
@ORAFKUN,streams,sX0aqzf4764,was_live
@ORAFKUN,streams,j47WVGIvWnY,was_live
@ORAFKUN,streams,aBdpVh1WBww,was_live
@ORAFKUN,streams,0pxzfW4ooqg,was_live
@ORAFKUN,streams,siWoZ706D7A,was_live
@ORAFKUN,streams,DcLOcGLNMrY,was_live
@ORAFKUN,streams,_4xI_seEr_k,was_live
@ORAFKUN,streams,RoFukddswgo,was_live
@ORAFKUN,streams,bc1SVF4zG9Y,was_live
@ORAFKUN,streams,cvJu5m4U8Pc,was_live
@ORAFKUN,streams,xNWwU-3z6pA,was_live
@ORAFKUN,streams,jdtICUO8lmk,was_live
@ORAFKUN,streams,wYxvwkpP2DY,was_live
@ORAFKUN,streams,iE7Ov0W-3Aw,was_live
@ORAFKUN,streams,9PMXgAtwevs,was_live
@ORAFKUN,streams,ur-52y5IJq4,was_live
@ORAFKUN,streams,eX9n03MJC9s,was_live
@ORAFKUN,streams,ujtqViz8jMA,was_live
@ORAFKUN,streams,9Bz3mUpOwgs,was_live
@ORAFKUN,streams,P-cta-TTjos,was_live
@ORAFKUN,streams,WC7vyAydqDM,was_live
@ORAFKUN,streams,FzK_IBB1d-A,was_live
@ORAFKUN,streams,ulC68cGtI0o,was_live
@ORAFKUN,streams,fGzxdtcXG44,was_live
@ORAFKUN,streams,QwjFCw4_hno,was_live
@ORAFKUN,streams,XgkqLIVOteM,was_live
@ORAFKUN,streams,50x6EaomfuM,was_live
@ORAFKUN,streams,kAxfJAtidbg,was_live
@ORAFKUN,streams,0UfaBzrFsno,was_live
@ORAFKUN,streams,6Nm6e35sK8k,was_live
@ORAFKUN,streams,o7fd_3HI1L0,was_live
@ORAFKUN,streams,IaQ5pBjmv24,was_live
@ORAFKUN,streams,qyRDUuV6Hro,was_live
@ORAFKUN,streams,Tgz4P7p6Ois,was_live
@ORAFKUN,streams,zdF4EYloEZY,was_live
@ORAFKUN,streams,vnEhMpBejGk,was_live
@ORAFKUN,streams,SCWWoln11g0,was_live
@ORAFKUN,streams,2TbsdG8kTFM,was_live
@ORAFKUN,streams,MPjt1B0hIaA,was_live
@ORAFKUN,streams,A4rXfSfi5U4,was_live
@ORAFKUN,streams,zInX3mebjRc,was_live
@ORAFKUN,streams,3SAvkwrxNNA,was_live
@ORAFKUN,streams,0TtgrJgSc7I,was_live
@ORAFKUN,streams,q2tkP7caXiw,was_live
@ORAFKUN,streams,PhijZrc15UU,was_live
@ORAFKUN,streams,7ZkmijEuHlg,was_live
@ORAFKUN,streams,Z98T7dGBnSc,was_live
@ORAFKUN,streams,nmYdAUZK-bE,was_live
@ORAFKUN,streams,NaKD7fwpimM,was_live
@ORAFKUN,streams,80JYQKm0eOo,was_live
@ORAFKUN,streams,KA-pZpSlCG4,was_live
@ORAFKUN,streams,kKvxBXe01v8,was_live
@ORAFKUN,streams,pA_5n7rODmY,was_live
@ORAFKUN,streams,HJCIX46ebQc,was_live
@ORAFKUN,streams,pW_lI366CxE,was_live
@ORAFKUN,streams,1SglHpFQMRA,was_live
@ORAFKUN,streams,OlUyJmIxuo0,was_live
@ORAFKUN,streams,ZYNeIER05OI,was_live
@ORAFKUN,streams,FEPw3deNXZY,was_live
@ORAFKUN,streams,DxRXxeqFBJo,was_live
@ORAFKUN,streams,h7kdIwS-TMA,was_live
@ORAFKUN,streams,7Trmaalt700,was_live
@ORAFKUN,streams,YJBDIK4Se9g,was_live
@ORAFKUN,streams,S-blwDoQVrU,was_live
@ORAFKUN,streams,RcZmEk_krvg,was_live
@ORAFKUN,streams,8Ns6zV6bRyw,was_live
@ORAFKUN,streams,t8WRKiukdQw,was_live
@ORAFKUN,streams,uqnwvQ_Sa_8,was_live
@ORAFKUN,streams,OcHmU2Pnizc,was_live
@ORAFKUN,streams,O9Tgz3EdpDM,was_live
@ORAFKUN,streams,DIzSVOUiSyg,was_live
@ORAFKUN,streams,nQRq02VrpqA,was_live
@ORAFKUN,streams,JYLYx0E1dJs,was_live
@ORAFKUN,streams,ecDfJJdABnI,was_live
@ORAFKUN,streams,aA8YAYmnVg8,was_live
@ORAFKUN,streams,S2nTecFc1XY,was_live
@ORAFKUN,streams,hayrCYZePRI,was_live
@ORAFKUN,streams,TSjEATWSomg,was_live
@ORAFKUN,streams,IBaQGsfi_oA,was_live
@ORAFKUN,streams,CwtpCnJ5cmQ,was_live
@ORAFKUN,streams,4PFSWOBw5CE,was_live
@ORAFKUN,streams,qVqSOB8kM1Y,was_live
@ORAFKUN,streams,_hziFpjNvOY,was_live
@ORAFKUN,streams,vA2mMz6p9gE,was_live
@ORAFKUN,streams,kKMbPupBAGU,was_live
@ORAFKUN,streams,WUHvZsuqOlc,was_live
@ORAFKUN,streams,eYr4OTXMxBQ,was_live
@ORAFKUN,streams,U1p9pOTdrXE,was_live
@ORAFKUN,streams,fgrfTEOAdZ4,was_live
@ORAFKUN,streams,vk5aw6fg7fU,was_live
@ORAFKUN,streams,rBimQhCMw54,was_live
@ORAFKUN,streams,3dIe0SGXnZg,was_live
@ORAFKUN,streams,NnHNIF1Qgjo,was_live
@ORAFKUN,streams,lRdwGAPbd4Q,was_live
@ORAFKUN,streams,x5DatqPmQE4,was_live
@ORAFKUN,streams,0vwQbvrAHfs,was_live
@ORAFKUN,streams,64tAtcBKV_Y,was_live
@ORAFKUN,streams,-1l1MsDqyZo,was_live
@ORAFKUN,streams,B0RJCkFnSYM,was_live
@ORAFKUN,streams,DRn-r2QxLjA,was_live
@ORAFKUN,streams,qWproiAz93I,was_live
@ORAFKUN,streams,3c1OU43NZwI,was_live
@ORAFKUN,streams,4zaAbRGE7qw,was_live
@ORAFKUN,streams,nG8XHbFg7uo,was_live
@ORAFKUN,streams,2NCGbcg2FaI,was_live
@ORAFKUN,streams,FmGUfUizpY4,was_live
@ORAFKUN,streams,PKTCOTH6jDw,was_live
@ORAFKUN,streams,zqAXRzla468,was_live
@ORAFKUN,streams,Zhva9akobJ8,was_live
@ORAFKUN,streams,m7iLt2Qwkic,was_live
@ORAFKUN,streams,fk4448xrpng,was_live
@ORAFKUN,streams,OP_MflkFAE8,was_live
@ORAFKUN,streams,YGOfaw2982s,was_live
@ORAFKUN,streams,GUBwG7_w1Us,was_live
@ORAFKUN,streams,Tlk03Xt9zNQ,was_live
@ORAFKUN,streams,4KL5E69voAA,was_live
@ORAFKUN,streams,ZiWmnrNNc8Y,was_live
@ORAFKUN,streams,HnNKeoUa_8I,was_live
@ORAFKUN,streams,LxPKxCW7hTo,was_live
@ORAFKUN,streams,aqGJTWwxin0,was_live
@ORAFKUN,streams,3k9OLSayGHs,was_live
@ORAFKUN,streams,qupJKA-9tuM,was_live
@ORAFKUN,streams,BUtBRhi-wto,was_live
@ORAFKUN,streams,k75V8HQRBks,was_live
@ORAFKUN,streams,shmv4Xpl-uM,was_live
@ORAFKUN,streams,B1LFVKbhc1I,was_live
@ORAFKUN,streams,Exik_9Ya79g,was_live
@ORAFKUN,streams,6qaCryAh6PE,was_live
@ORAFKUN,streams,4DIXQPMVWd4,was_live
@ORAFKUN,streams,IOxcr6d9r0s,was_live
@ORAFKUN,streams,lWIwz1XLOLY,was_live
@ORAFKUN,streams,28WX7Wk6J0s,was_live
@ORAFKUN,streams,7IkBg2KLZzg,was_live
@ORAFKUN,streams,4yIxc-79M4E,was_live
@ORAFKUN,streams,T8pCLQXvH48,was_live
@ORAFKUN,streams,ZW_ZClW0IFo,was_live
@ORAFKUN,streams,gCDR3Jgot7E,was_live
@ORAFKUN,streams,SVYSkAkOz4w,was_live
@ORAFKUN,streams,WpvHuEBzim4,was_live
@ORAFKUN,streams,h1EEMnCPNZY,was_live
@ORAFKUN,streams,l8pZrTmJmio,was_live
@ORAFKUN,streams,75wFukhoIm8,was_live
@ORAFKUN,streams,-RledHK_eN8,was_live
@ORAFKUN,streams,AG_zu9D_-Vs,was_live
@ORAFKUN,streams,esPsAJsMeI8,was_live
@ORAFKUN,streams,ijZJ4kfWZuo,was_live
@ORAFKUN,streams,w9j3XBPzFyU,was_live
@ORAFKUN,streams,fX0BLhTCnA4,was_live
@ORAFKUN,streams,NI8pnLbFqQ4,was_live
@ORAFKUN,streams,Lo6KskXwOjA,was_live
@ORAFKUN,streams,nBoyNPrlkBk,was_live
@ORAFKUN,streams,4vnHndwgU10,was_live
@ORAFKUN,streams,F99FNk8iUQ8,was_live
@ORAFKUN,streams,9USli7jKt9Y,was_live
@ORAFKUN,streams,nSQ3D7Rkqv4,was_live
@ORAFKUN,streams,jLSCwcoXjQA,was_live
@ORAFKUN,streams,lF7zO-cRhO4,was_live
@ORAFKUN,streams,LBW_N7FDKQA,was_live
@ORAFKUN,streams,U138FOik55k,was_live
@ORAFKUN,streams,8zfcpnSyZYo,was_live
@ORAFKUN,streams,4LXKkgNWnYk,was_live
@ORAFKUN,streams,L1-f-NZQYEU,was_live
@ORAFKUN,streams,e3j5oiMpN3k,was_live
@ORAFKUN,streams,nrYs5DnMBL4,was_live
@ORAFKUN,streams,04Wqi29wDYU,was_live
@ORAFKUN,streams,aZiA53odDKI,was_live
@ORAFKUN,streams,thp3RPErZnU,was_live
@ORAFKUN,streams,8KiG6VqhONc,was_live
@ORAFKUN,streams,2aUin5Y88G8,was_live
@ORAFKUN,streams,oCFFqioo5OI,was_live
@ORAFKUN,streams,hGd0J8kg7hM,was_live
@ORAFKUN,streams,MqbMPd55nso,was_live
@ORAFKUN,streams,F6X9TUkrMgM,was_live
@ORAFKUN,streams,8ccRo_hq0lw,was_live
@ORAFKUN,streams,wf_dVqC-fYI,was_live
@ORAFKUN,streams,7GKrri77MRE,was_live
@ORAFKUN,streams,WYijiZytL3w,was_live
@ORAFKUN,streams,UYntVqioFvg,was_live
@ORAFKUN,streams,QiV1mDcO7s0,was_live
@ORAFKUN,streams,uwS7U6dEU60,was_live
@ORAFKUN,streams,K66EmAuHRN8,was_live
@ORAFKUN,streams,Jl1MDbrraGs,was_live
@ORAFKUN,streams,ehmfwjvwoWM,was_live
@ORAFKUN,streams,meL2Tq9NXsA,was_live
@ORAFKUN,streams,tl5fBNdEw1g,was_live
@ORAFKUN,streams,hyKM7jyU78w,was_live
@ORAFKUN,streams,3zxqf3ctWzg,was_live
@ORAFKUN,streams,GHuC0BXA13E,was_live
@ORAFKUN,streams,ndOdUdeureY,was_live
@ORAFKUN,streams,8fwp9RyBWfE,was_live
@ORAFKUN,streams,dMBugg6LfjM,was_live
@ORAFKUN,streams,UencvC5j8cs,was_live
@ORAFKUN,streams,p4pjdC3aV7c,was_live
@ORAFKUN,streams,nVHgqm09XZE,was_live
@ORAFKUN,streams,1iGEybqr6Jg,was_live
@ORAFKUN,streams,W0YhfyK4jBU,was_live
@ORAFKUN,streams,t7TvoxtrpOI,was_live
@ORAFKUN,streams,q-DBqG_Ls7g,was_live
@ORAFKUN,streams,3-nxy8l1hNY,was_live
@ORAFKUN,streams,AwiZppMT8O8,was_live
@ORAFKUN,streams,uQGZvzJmc60,was_live
@ORAFKUN,streams,Apib1Zl_Jzw,was_live
@ORAFKUN,streams,LsNEhmK8uT4,was_live
@ORAFKUN,streams,IKj97vxhWi0,was_live
@ORAFKUN,streams,i42InZqqqLw,was_live
@ORAFKUN,streams,wVGyN8IBY-4,was_live
@ORAFKUN,streams,5F-cotx_JIE,was_live
@ORAFKUN,streams,Jx8Hm1606nQ,was_live
@ORAFKUN,streams,e2BcrG7bFbo,was_live
@ORAFKUN,streams,VGuYDNTRoss,was_live
@ORAFKUN,streams,JDhnokaiupk,was_live
@ORAFKUN,streams,MAS6BceWELo,was_live
@ORAFKUN,streams,jUA0Miu1-7s,was_live
@ORAFKUN,streams,xmfntF_qX6U,was_live
@ORAFKUN,streams,cp6eHsW8zsU,was_live
@ORAFKUN,streams,tZ6SuGGYAw4,was_live
@ORAFKUN,streams,N_xfr66klDo,was_live
@ORAFKUN,streams,rEYQogdoE3w,was_live
@ORAFKUN,streams,gtEylZZDE88,was_live
@ORAFKUN,streams,7qjclyHh5iA,was_live
@ORAFKUN,streams,ziT_DWb-2Ok,was_live
@ORAFKUN,streams,8v_iBlE6Kto,was_live
@ORAFKUN,streams,Fas3vNm9C3o,was_live
@ORAFKUN,streams,Ej5-bw7aw4E,was_live
@ORAFKUN,streams,AS2TAJddaiQ,was_live
@ORAFKUN,streams,I4G2Nt-yHcs,was_live
@ORAFKUN,streams,6PNbVLTVnM4,was_live
@ORAFKUN,streams,LoFwOz1WTd0,was_live
@ORAFKUN,streams,ztL2L8Vkhrw,was_live
@ORAFKUN,streams,OLph7XOBO6w,was_live
@ORAFKUN,streams,sRWzMFnlSYU,was_live
@ORAFKUN,streams,FpN70An20uw,was_live
@ORAFKUN,streams,mT9TbbEf588,was_live
@ORAFKUN,streams,yCsoQfeoPps,was_live
@ORAFKUN,streams,rFRHLKYIly8,was_live
@ORAFKUN,streams,JKmu21U14NQ,was_live
@ORAFKUN,streams,USCs16__XXo,was_live
@ORAFKUN,streams,m3gx0paew4w,was_live
@ORAFKUN,streams,mfZYdOg9Rg0,was_live
@ORAFKUN,streams,SsEO4ItgUhQ,was_live
@ORAFKUN,streams,IE0OEu1Sfig,was_live
@ORAFKUN,streams,4fpUwPweA_8,was_live
@ORAFKUN,streams,0MyZXmM7qj4,was_live
@ORAFKUN,streams,y2cKGGjTy9I,was_live
@ORAFKUN,streams,YX81Gf-OT1s,was_live
@ORAFKUN,streams,aoVPi7lpIro,was_live
@ORAFKUN,streams,XJOi5IybW1E,was_live
@ORAFKUN,streams,f_PdcyUcjfs,was_live
@ORAFKUN,streams,hzLVVTwdi-c,was_live
@ORAFKUN,streams,ozejT8PPUO0,was_live
@ORAFKUN,streams,j9817Pr9HtI,was_live
@ORAFKUN,streams,UwY-PCXPxjU,was_live
@ORAFKUN,streams,NKzWQRrEW4o,was_live
@ORAFKUN,streams,Jc5SGYBbvYk,was_live
@ORAFKUN,streams,dHd4WpJd3YM,was_live
@ORAFKUN,streams,8kUjWsQq5Fs,was_live
@ORAFKUN,streams,RJB7uYoWn9I,was_live
@ORAFKUN,streams,Pg6bWgMFGhA,was_live
@ORAFKUN,streams,tMnJdKQcUI4,was_live
@ORAFKUN,streams,NdSKdHJqhPw,was_live
@ORAFKUN,streams,iITwSNtIY-E,was_live
@ORAFKUN,streams,Ap46x9sKsRM,was_live
@ORAFKUN,streams,qSHDKhyB9E0,was_live
@ORAFKUN,streams,caNYJjovBRo,was_live
@ORAFKUN,streams,c4g7gC6hiB0,was_live
@ORAFKUN,streams,EAY55Xf81kU,was_live
@ORAFKUN,streams,RwND7nQ9c3w,was_live
@ORAFKUN,streams,XMrFOIUC2FU,was_live
@ORAFKUN,streams,BFOV5Zb1TIg,was_live
@ORAFKUN,streams,K1QMAY5n68A,was_live
@ORAFKUN,streams,fUVmV2-WTIU,was_live
@ORAFKUN,streams,he8qqrWdsMM,was_live
@ORAFKUN,streams,2VliQRU_mc0,was_live
@ORAFKUN,streams,YlKJEVMtceo,was_live
@ORAFKUN,streams,UqauLJpUPyk,was_live
@ORAFKUN,streams,Yk-PEQgw8ow,was_live
@ORAFKUN,streams,SuIp2Wlwymk,was_live
@ORAFKUN,streams,JoIy7q0yPKI,was_live
@ORAFKUN,streams,tBsZsBBDDIs,was_live
@ORAFKUN,streams,SKikm6rl22s,was_live
@ORAFKUN,streams,mzCI4vy3UYI,was_live
@ORAFKUN,streams,9NVRuH-twEQ,was_live
@ORAFKUN,streams,Hy4PL5E0FDk,was_live
@ORAFKUN,streams,xkqbRug6oIg,was_live
@ORAFKUN,streams,D87XZFraUo8,was_live
@ORAFKUN,streams,Kk9dB9zXyvE,was_live
@ORAFKUN,streams,0XuLfrTyC-M,was_live
@ORAFKUN,streams,Sf2lz1yF3xg,was_live
@ORAFKUN,streams,07TZ3sHnNS0,was_live
@ORAFKUN,streams,lmdzGsOGjSE,was_live
@ORAFKUN,streams,z5rFyJ3lwgs,was_live
@ORAFKUN,streams,0HbhIT8S17U,was_live
@ORAFKUN,streams,8U7mWwfrbe4,was_live
@ORAFKUN,streams,fHE96Uq5wpE,was_live
@ORAFKUN,streams,GzbHwEUpz-Q,was_live
@ORAFKUN,streams,CVI8ogpGsno,was_live
@ORAFKUN,streams,sc0D0pLqUcg,was_live
@ORAFKUN,streams,hJT0N_jWBK0,was_live
@ORAFKUN,streams,0sr-7nPGmaY,was_live
@ORAFKUN,streams,9UU3IGgojV0,was_live
@ORAFKUN,streams,5Mq4zKYxcBk,was_live
@ORAFKUN,streams,Uvl2lYo-nCw,was_live
@ORAFKUN,streams,A8YP_2uHNbU,was_live
@ORAFKUN,streams,FMrMdcxhZKQ,was_live
@ORAFKUN,streams,qtrHXoMaDnU,was_live
@ORAFKUN,streams,Xbnbl-jwCvY,was_live
@ORAFKUN,streams,NDoNUhnkEts,was_live
@ORAFKUN,streams,eYfrw-b1XOw,was_live
@ORAFKUN,streams,yF8EhbhpJio,was_live
@ORAFKUN,streams,-JFIrvNDY5o,was_live
@ORAFKUN,streams,6I5Ur7O5mi8,was_live
@ORAFKUN,streams,Sj0eTp6vSwY,was_live
@ORAFKUN,streams,X4yzjkqV5-0,was_live
@ORAFKUN,streams,tcGpZHla0vE,was_live
@ORAFKUN,streams,AhFkFJsyUHA,was_live
@ORAFKUN,streams,4D4aWzOqrOs,was_live
@ORAFKUN,streams,U1xtXtlsdoY,was_live
@ORAFKUN,streams,sQ6-RKdCveY,was_live
@ORAFKUN,streams,8XR1UO0kLTk,was_live
@ORAFKUN,streams,K_RK-fHzCYo,was_live
@ORAFKUN,streams,DDXUjC5qNJA,was_live
@ORAFKUN,streams,BZ0_5_hXdck,was_live
@ORAFKUN,streams,9CRuDwDlWhk,was_live
@ORAFKUN,streams,lFU0AGep6Wg,was_live
@ORAFKUN,streams,PkD1dOzoM2E,was_live
@ORAFKUN,streams,W-Xt7aguOqI,was_live
@ORAFKUN,streams,948AOVooyiM,was_live
@ORAFKUN,streams,1P3NiYwYJao,was_live
@ORAFKUN,streams,KYzFM2q_730,was_live
@ORAFKUN,streams,h_KSDVwF_gw,was_live
@ORAFKUN,streams,FLB2v7682Dg,was_live
@ORAFKUN,streams,pncnyzmVTJ0,was_live
@ORAFKUN,streams,PqHE9797478,was_live
@ORAFKUN,streams,W5ys7Y93gEY,was_live
@ORAFKUN,streams,UKOxvK0pZCk,was_live
@ORAFKUN,streams,d_mSMOoxdgQ,was_live
@ORAFKUN,streams,1MYNLtVXXbQ,was_live
@ORAFKUN,streams,mV6c1woJ6IA,was_live
@ORAFKUN,streams,VQP1Jg0wy3M,was_live
@ORAFKUN,streams,-UfBfNQErvk,was_live
@ORAFKUN,streams,QSkIaHqzXTU,was_live
@ORAFKUN,streams,vYznOGsJ2ak,was_live
@ORAFKUN,streams,JYO2E7CewW4,was_live
@ORAFKUN,streams,7Gh9ay5FyMo,was_live
@ORAFKUN,streams,C1N22zmLd6s,was_live
@ORAFKUN,streams,Rf3diOslFOY,was_live
@ORAFKUN,streams,zG7r7N5HQkk,was_live
@ORAFKUN,streams,ry9IMcCIHkM,was_live
@ORAFKUN,streams,rJRgPth1L4Y,was_live
@ORAFKUN,streams,GbrvxQpEOQw,was_live
@ORAFKUN,streams,_5-yNi9WpIk,was_live
@ORAFKUN,streams,9ZnQmS_PqVg,was_live
@ORAFKUN,streams,4MUk3kR1z4A,was_live
@ORAFKUN,streams,yxIuZMsiTqQ,was_live
@ORAFKUN,streams,KJwdVNPH0jM,was_live
@ORAFKUN,streams,AWzvvF06Ph8,was_live
@ORAFKUN,streams,L_U5Eo3Ptz8,was_live
@ORAFKUN,streams,dVyvI-PSVLU,was_live
@ORAFKUN,streams,-4KAAR6BX9c,was_live
@ORAFKUN,streams,fM3vJVcwZeQ,was_live
@ORAFKUN,streams,nmj9x1JUpvM,was_live
@ORAFKUN,streams,8AwPzV_eStE,was_live
@ORAFKUN,streams,3Tkal2j5gDY,was_live
@ORAFKUN,streams,Y3qILPBqe54,was_live
@ORAFKUN,streams,4DhIGGP_Bm0,was_live
@ORAFKUN,streams,thBlsYKsE_w,was_live
@ORAFKUN,streams,xARVzvSBpcE,was_live
@ORAFKUN,streams,NFpL-1lD-mc,was_live
@ORAFKUN,streams,kQEdfzF27s8,was_live
@ORAFKUN,streams,7BHOa3x6kb8,was_live
@ORAFKUN,streams,jWprwbIrBOU,was_live
@ORAFKUN,streams,LN8PINDHe-c,was_live
@ORAFKUN,streams,F7heCkli7hE,was_live
@ORAFKUN,streams,t9mAChmZImE,was_live
@ORAFKUN,streams,p8QQ0VHL3S0,was_live
@ORAFKUN,streams,MeGujhiKCnM,was_live
@ORAFKUN,streams,EDT2-VrhGn0,was_live
@ORAFKUN,streams,ORTk8dIQNOQ,was_live
@ORAFKUN,streams,9plOl0ntqEA,was_live
@ORAFKUN,streams,LotQjDXr7f0,was_live
@ORAFKUN,streams,Vwo_jvNbLDw,was_live
@ORAFKUN,streams,U-S6X1SroVc,was_live
@ORAFKUN,streams,D98XfxWfnIU,was_live
@ORAFKUN,streams,33nwDPoXvs8,was_live
@ORAFKUN,streams,ZoozxoeQgVg,was_live
@ORAFKUN,streams,6pgGUwm5d_k,was_live
