uploaderId,type,id,dl_status
@QnlyQ,streams,xZ5Q61nPJs0,done
@QnlyQ,streams,KUq4JVUVxUI,done
@QnlyQ,streams,FQT19avwz5k,done
@QnlyQ,streams,CRMlSkYFkR4,done
@QnlyQ,streams,x_g-Krurmeg,done
@QnlyQ,streams,n66CgQtd0Eg,done
@QnlyQ,streams,XDXGNkgNSxs,done
@QnlyQ,streams,04QN37AKMfo,done
@QnlyQ,streams,5bSk84omCDs,done
@QnlyQ,streams,BuoXrgS5cpA,done
@QnlyQ,streams,t9vdwXvdH-o,done
@QnlyQ,streams,LRhImzKImL0,done
@QnlyQ,streams,HFQo_0WOm4Y,done
@QnlyQ,streams,zIKepm2SVRM,done
@QnlyQ,streams,c8ZswkvXOrs,done
@QnlyQ,streams,8AVgCphHEg4,done
@QnlyQ,streams,A2JwHfpQ6q8,done
@QnlyQ,streams,7fU3Y3YdIVg,done
@QnlyQ,streams,A5iXMqkAQJ4,done
@QnlyQ,streams,4PZax34gP7M,done
@QnlyQ,streams,jVtWcDn1QfI,done
@QnlyQ,streams,ez1TAyL8v1A,done
@QnlyQ,streams,jjGC0CO6AAM,done
@QnlyQ,streams,sPf3_YOto10,done
@QnlyQ,streams,KzDivW5XDv4,done
@QnlyQ,streams,sncSzOrJ6p4,done
@QnlyQ,streams,lRxc_iU96og,done
@QnlyQ,streams,iuUOr9jJpY0,done
@QnlyQ,streams,lcuzKGjAAKQ,done
@QnlyQ,streams,gppxKhjHlLw,done
@QnlyQ,streams,LSuZyIHQRJI,done
@QnlyQ,streams,-sSkIUMj8ak,done
@QnlyQ,streams,56qbl5pEf0I,done
@QnlyQ,streams,KIzAYwBQ1v8,done
@QnlyQ,streams,-ApriqK-kRY,done
@QnlyQ,streams,MEWuHWmBi8o,done
@QnlyQ,streams,uhvUaIWHqjY,done
@QnlyQ,streams,N4kQlx5yMAk,done
@QnlyQ,streams,UyVia-rMcoI,done
@QnlyQ,streams,G7xnP3OvV3A,done
@QnlyQ,streams,ZJ0z9KHC7jY,done
@QnlyQ,streams,yVwEh6ENWHs,done
@QnlyQ,streams,I6yG1AR-Uzc,done
@QnlyQ,streams,YxCfZru2UL4,done
@QnlyQ,streams,728uw57z6yE,done
@QnlyQ,streams,G8qHcRp2KN0,done
@QnlyQ,streams,TeC04NoMEkE,done
@QnlyQ,streams,4PIQxZ0JrpQ,done
@QnlyQ,streams,UblYiQGRO_I,done
@QnlyQ,streams,XnJkBKZyZ8s,done
@QnlyQ,streams,G4k61CiIWFw,done
@QnlyQ,streams,F9tcTq67QbA,done
@QnlyQ,streams,RSiL9FUqBn4,done
@QnlyQ,streams,qaYYEABEsqU,done
@QnlyQ,streams,qMJcC3dAQL0,done
@QnlyQ,streams,RtIulEgCjHs,done
@QnlyQ,streams,QNw_ohRKCgo,done
@QnlyQ,streams,ZT2BPGYqZMc,done
@QnlyQ,streams,RmKZBvFfKIg,done
@QnlyQ,streams,rz4vT1j-NZs,done
@QnlyQ,streams,xgZwl8P9H_g,done
@QnlyQ,streams,jvpRvXWTkdQ,done
@QnlyQ,streams,tAEyepAlZWc,done
@QnlyQ,streams,7z0pC_DEVa8,done
@QnlyQ,streams,a47FLWLRy-U,done
@QnlyQ,streams,82krmm_d_yA,done
@QnlyQ,streams,_Hviya7ePeo,done
@QnlyQ,streams,jmpLV8UfzGQ,done
@QnlyQ,streams,8e1zXblHpuM,done
@QnlyQ,streams,l5j00XusPNs,done
@QnlyQ,streams,ZUove9n6dgI,done
@QnlyQ,streams,B9lIp1pyRcU,done
@QnlyQ,streams,0e9YCPanrT8,done
@QnlyQ,streams,U-qt7vrjaVg,done
@QnlyQ,streams,KgpPI74p0jw,done
@QnlyQ,streams,uOR1T4K5Wls,done
@QnlyQ,streams,92tdjIT3UT8,done
@QnlyQ,streams,BZ7-XsPzxoA,done
@QnlyQ,streams,IeMexrnwCoY,done
@QnlyQ,streams,DlXm2_hiZzU,done
@QnlyQ,streams,M6mmcGwkhp4,done
@QnlyQ,streams,jQVGmN9luTE,done
@QnlyQ,streams,DVQ6iZLfiD4,done
@QnlyQ,streams,TSCi2r16pw8,done
@QnlyQ,streams,vf-iA4jeo48,done
@QnlyQ,streams,caehXVAXIy4,done
@QnlyQ,streams,FfGMmsagpYE,done
@QnlyQ,streams,iror8yeeFMo,done
@QnlyQ,streams,VwU-NW7aX6M,done
@QnlyQ,streams,kE61lrXu3qo,done
@QnlyQ,streams,XVj3LN0cxbc,done
@QnlyQ,streams,2L8TSfJOhNE,done
@QnlyQ,streams,P6PQoPghGGQ,done
@QnlyQ,streams,Hn846_CKgiM,done
@QnlyQ,streams,Uk_MSn8XVQY,done
@QnlyQ,streams,o4HdQiDlzL4,done
@QnlyQ,streams,0D8Ti75k-dU,done
@QnlyQ,streams,0TrAgn57uX0,done
@QnlyQ,streams,jX1pyWiIMpY,done
@QnlyQ,streams,4SfORGbrkJM,done
@QnlyQ,streams,GPSIdSe99Kc,done
@QnlyQ,streams,YlYZYOCW__E,done
@QnlyQ,streams,dO_OYAkYiTg,done
@QnlyQ,streams,C9n060aGYZU,done
@QnlyQ,streams,yi5-t9qvw3o,done
@QnlyQ,streams,Kxnc58IzATM,done
@QnlyQ,streams,OfqK_UrgdgE,done
@QnlyQ,streams,mN1GQB2T2_4,done
@QnlyQ,streams,Xr6KPRdlVJc,done
@QnlyQ,streams,xuAlPUfl-f4,done
@QnlyQ,streams,YeddiKQ2zts,done
@QnlyQ,streams,5CJdk-iiRUM,done
@QnlyQ,streams,FD16-llyAGU,done
@QnlyQ,streams,c2fa8B1BMXQ,done
@QnlyQ,streams,VQho56f-VTg,done
@QnlyQ,streams,tfLN-58jP5Y,done
@QnlyQ,streams,ru7lIjuGaiA,done
@QnlyQ,streams,PKGU7lSgfZA,done
@QnlyQ,streams,KMm7y880T8M,done
@QnlyQ,streams,TCxICeoiuxw,done
@QnlyQ,streams,7-vk-eb403Y,done
@QnlyQ,streams,Iejq88Kj7Qw,done
@QnlyQ,streams,pH0JwG4r1-w,done
@QnlyQ,streams,CQdV6Ze9-4U,done
@QnlyQ,streams,nUy5oSmYT58,done
@QnlyQ,streams,UkhWtxWfqik,done
@QnlyQ,streams,1YLMfPP8p58,done
@QnlyQ,streams,2xNk6kx8BIg,done
@QnlyQ,streams,lUgVPbUnScU,done
@QnlyQ,streams,wD3-v94sFG4,done
@QnlyQ,streams,voPMAVHwGI4,done
@QnlyQ,streams,WUpXQzE7G18,done
@QnlyQ,streams,ZNGdQETDT64,done
@QnlyQ,streams,0bqBbeDiZ64,done
@QnlyQ,streams,E3EyyNrVmqA,done
@QnlyQ,streams,SgEN8DXkBAc,done
@QnlyQ,streams,JqZE-gxMfOg,done
@QnlyQ,streams,b5jCC12CSEE,done
@QnlyQ,streams,g4ItGkvNz9k,done
@QnlyQ,streams,KZLMTvVh-lE,done
@QnlyQ,streams,nUf8MMFcM8k,done
@QnlyQ,streams,MgvsnDNHPkA,done
@QnlyQ,streams,7xTiVGnKMik,done
@QnlyQ,streams,XffkEmYT7cA,done
@QnlyQ,streams,6OmmVUmebGE,done
@QnlyQ,streams,WaNwFNh9i_s,done
@QnlyQ,streams,45DvOye8H-c,done
@QnlyQ,streams,Jhu7Ol90YN0,done
@QnlyQ,streams,oawxSIYpzR0,done
@QnlyQ,streams,_ZBBrhsRsEk,done
@QnlyQ,streams,g5Rg2EpzH00,done
@QnlyQ,streams,HH40PAvDs2M,done
@QnlyQ,streams,VGryhCZZpQo,done
@QnlyQ,streams,B4p-HU-MecA,done
@QnlyQ,streams,8MiysAS_VKc,done
@QnlyQ,streams,R1Lc2c3Hz3U,done
@QnlyQ,streams,3B8mUkZ4v0g,done
@QnlyQ,streams,_M30lvUgyV4,done
@QnlyQ,streams,G2KhnGmNUgQ,done
@QnlyQ,streams,sfRevD6PNGI,done
@QnlyQ,streams,oD83e8c8mVc,done
@QnlyQ,streams,gk3Ks7SFKHk,done
@QnlyQ,streams,VCWPhqDYOxc,done
@QnlyQ,streams,CrWVq7qITSo,done
@QnlyQ,streams,yL3Hfbvu0EE,done
@QnlyQ,streams,11dtmApuduc,done
@QnlyQ,streams,w_KmkqPLtQo,done
@QnlyQ,streams,ov4TKrw1-FM,done
@QnlyQ,streams,riYPxywYrAk,done
@QnlyQ,streams,hmGXGxTjs9Q,done
@QnlyQ,streams,cMBl7GuQdLI,done
@QnlyQ,streams,npakmEG0elM,done
@QnlyQ,streams,ItO83UyzHNM,done
@QnlyQ,streams,h-n0um9OMnM,done
@QnlyQ,streams,mRmhJdvZlfE,done
@QnlyQ,streams,nLHs87T59pE,done
@QnlyQ,streams,DkH3ii9E0lo,done
@QnlyQ,streams,sik8PhjuLSk,done
@QnlyQ,streams,H1IadN8BE90,done
@QnlyQ,streams,pc7yjBjTxMg,done
@QnlyQ,streams,CBE1jLaOD8Y,done
@QnlyQ,streams,TvgkmF6yy-k,done
@QnlyQ,streams,tIQ5bXK2kF8,done
@QnlyQ,streams,yj2f0VSKmEM,done
@QnlyQ,streams,NHucG0c3Qgk,done
@QnlyQ,streams,eaUxSBqhIik,done
@QnlyQ,streams,wbffLhDVofg,done
@QnlyQ,streams,M-Wizp5pOf8,done
@QnlyQ,streams,MFLjEI10Ckw,done
@QnlyQ,streams,kPwUu9KyfTo,done
@QnlyQ,streams,qY-QVxeuqxw,done
@QnlyQ,streams,3no4oaTy5Qc,done
@QnlyQ,streams,0FjSKnsi1Fw,done
@QnlyQ,streams,QWGeULIWL4o,done
@QnlyQ,streams,_2RiQDWGmr4,done
@QnlyQ,streams,WBJqYtzbeMw,done
@QnlyQ,streams,Xp6qIXofcQk,done
@QnlyQ,streams,o3Wi8Bh5nFA,done
@QnlyQ,streams,lHOchuYKcP4,done
@QnlyQ,streams,jGfPSpZPuKI,done
@QnlyQ,streams,GR9YB4BK_pI,done
@QnlyQ,streams,pzvgyVMTUUE,done
@QnlyQ,streams,Q3i8Z-VxSm0,done
@QnlyQ,streams,FwE4J5q_UMM,done
@QnlyQ,streams,JkNlbT4E60k,done
@QnlyQ,streams,TAYpBmliRKk,done
@QnlyQ,streams,g8u0vhXzw-Y,done
@QnlyQ,streams,1SZGS82jEvE,done
@QnlyQ,streams,zqICsp_WTxM,done
@QnlyQ,streams,2zYZowvflnw,done
@QnlyQ,streams,wGf05TwobUI,done
@QnlyQ,streams,k__evHEpLec,done
@QnlyQ,streams,l5lRujQwu84,done
@QnlyQ,streams,jNidVAL9VPU,done
@QnlyQ,streams,0Rc_WxaM-yU,done
@QnlyQ,streams,EW6qLr6hjGU,done
@QnlyQ,streams,rCN4UQ0sqAs,done
@QnlyQ,streams,5vyardr8-qg,done
@QnlyQ,streams,K_Fip5-hVqg,done
@QnlyQ,streams,b46iGTbHJdc,done
@QnlyQ,streams,bHCgHqIjFxE,done
@QnlyQ,streams,iYCPWVvdDXU,done
@QnlyQ,streams,vYD7HRnYXyI,done
@QnlyQ,streams,uVnqB4dCsbE,done
@QnlyQ,streams,uDMWRk9v-F4,done
@QnlyQ,streams,AerGPSkL4Ww,done
@QnlyQ,streams,q1D7V8y6Itc,done
@QnlyQ,streams,tOeONIYVrEc,done
@QnlyQ,streams,Bl814KpBeqc,done
@QnlyQ,streams,M3_OHMgsxR4,done
@QnlyQ,streams,BiaOY9kSojQ,done
@QnlyQ,streams,r2Hm3u8NQ7M,done
@QnlyQ,streams,c4MU3aT_9T4,done
@QnlyQ,streams,EmQUhgxLMlA,done
@QnlyQ,streams,mLciThKLQWA,done
@QnlyQ,streams,YxViVakSMhY,done
@QnlyQ,streams,JInD26Ih9YM,done
@QnlyQ,streams,C9bILdIjJJI,done
@QnlyQ,streams,C7iTsNGwqko,done
@QnlyQ,streams,bpcFAjsQruY,done
@QnlyQ,streams,5VvJdyaipEw,done
@QnlyQ,streams,rhqgMOKgbMQ,done
@QnlyQ,streams,MKUH2imcdHk,done
@QnlyQ,streams,A0NV6Ete79A,done
@QnlyQ,streams,yjMxRGQ4trQ,done
@QnlyQ,streams,sf5YGo9Z6uc,done
@QnlyQ,streams,n1NnpwoNvBY,done
@QnlyQ,streams,mFTSiM_L0xs,done
@QnlyQ,streams,KjSiOf5IU34,done
@QnlyQ,streams,g8AdSwX1Yf4,done
@QnlyQ,streams,w8U2E4VwtWw,done
@QnlyQ,streams,Fje1ED673B0,done
@QnlyQ,streams,IAcMxplU19o,done
@QnlyQ,streams,KyB6LltkjdQ,done
@QnlyQ,streams,xYS2dPGraEY,done
@QnlyQ,streams,oPU66koCFYg,done
@QnlyQ,streams,_YG5a7oc2Ag,done
@QnlyQ,streams,2ZNPgYINpWU,done
@QnlyQ,streams,w1VQJs8NarA,done
@QnlyQ,streams,SI-C7xN5u4A,done
@QnlyQ,streams,yRTmKveTkrM,done
@QnlyQ,streams,92ZjmyBrrAs,done
@QnlyQ,streams,ES2Z07A0i1U,done
@QnlyQ,streams,HifwyH-TRUY,done
@QnlyQ,streams,2T6ZLER63kk,done
@QnlyQ,streams,gCNndGiBP68,done
@QnlyQ,streams,LnCwsaD83HM,done
@QnlyQ,streams,jo35VfbuAJ0,done
@QnlyQ,streams,6FKKSqt5aLE,done
@QnlyQ,streams,ENmHzjUYno8,done
@QnlyQ,streams,CpnABVUXoSY,done
@QnlyQ,streams,H2We-v_1_G0,done
@QnlyQ,streams,YtXzkeNHo90,done
@QnlyQ,streams,HrfS5ZnCdAw,done
@QnlyQ,streams,uyJa6GUM7JU,done
@QnlyQ,streams,Mm_F8VTap2g,done
@QnlyQ,streams,TtUdx6PKG_g,done
@QnlyQ,streams,GMo_aVjUV9M,done
@QnlyQ,streams,cDTuAXjErhE,done
@QnlyQ,streams,YmBzIco2B-A,done
@QnlyQ,streams,S0os6F_Fpr0,done
@QnlyQ,streams,fVO9_xYy2OI,done
@QnlyQ,streams,CYAjGZ14nyc,done
@QnlyQ,streams,p11gwVG7RXg,done
@QnlyQ,streams,6Py6JRm6AoE,done
@QnlyQ,streams,rsUGybnil3o,done
@QnlyQ,streams,szS8gB6FlLQ,done
@QnlyQ,streams,nk7EWBoX9Dk,done
@QnlyQ,streams,VObFDomORas,done
@QnlyQ,streams,vbZiW7adxj8,done
@QnlyQ,streams,XNPCo1FlCsE,done
@QnlyQ,streams,bOBx0O5V2zs,done
@QnlyQ,streams,BlLw33AM0Ac,done
@QnlyQ,streams,TI22Tg98ji0,done
@QnlyQ,streams,5SW6yzRb1tk,done
@QnlyQ,streams,50kR8UC7q8E,done
@QnlyQ,streams,1FLM4DdDufE,done
@QnlyQ,streams,QbQd9yXj18A,done
@QnlyQ,streams,Ge0_-Km7RFY,done
@ORAFKUN,streams,Bs-TeLFi6YM,done
@ORAFKUN,streams,77RDMt8Vrhk,done
@ORAFKUN,streams,fbgH5Qos74c,done
@ORAFKUN,streams,W5K7yMt2Nv0,done
@ORAFKUN,streams,TuhurS4bQI4,done
@ORAFKUN,streams,snxCaomA-As,done
@ORAFKUN,streams,T0kz8XUrx6g,done
@ORAFKUN,streams,TQ-BmP7XNE0,done
@ORAFKUN,streams,kyiV6yCGPao,done
@ORAFKUN,streams,sX0aqzf4764,done
@ORAFKUN,streams,j47WVGIvWnY,done
@ORAFKUN,streams,aBdpVh1WBww,done
@ORAFKUN,streams,0pxzfW4ooqg,done
@ORAFKUN,streams,siWoZ706D7A,done
@ORAFKUN,streams,DcLOcGLNMrY,done
@ORAFKUN,streams,_4xI_seEr_k,done
@ORAFKUN,streams,RoFukddswgo,done
@ORAFKUN,streams,bc1SVF4zG9Y,done
@ORAFKUN,streams,cvJu5m4U8Pc,done
@ORAFKUN,streams,xNWwU-3z6pA,done
@ORAFKUN,streams,jdtICUO8lmk,done
@ORAFKUN,streams,wYxvwkpP2DY,done
@ORAFKUN,streams,iE7Ov0W-3Aw,done
@ORAFKUN,streams,9PMXgAtwevs,done
@ORAFKUN,streams,ur-52y5IJq4,done
@ORAFKUN,streams,eX9n03MJC9s,done
@ORAFKUN,streams,ujtqViz8jMA,done
@ORAFKUN,streams,9Bz3mUpOwgs,done
@ORAFKUN,streams,P-cta-TTjos,done
@ORAFKUN,streams,WC7vyAydqDM,done
@ORAFKUN,streams,FzK_IBB1d-A,done
@ORAFKUN,streams,ulC68cGtI0o,done
@ORAFKUN,streams,fGzxdtcXG44,done
@ORAFKUN,streams,TXR6nRZ-9hQ,done
@ORAFKUN,streams,QwjFCw4_hno,done
@ORAFKUN,streams,XgkqLIVOteM,done
@ORAFKUN,streams,50x6EaomfuM,done
@ORAFKUN,streams,kAxfJAtidbg,done
@ORAFKUN,streams,0UfaBzrFsno,done
@ORAFKUN,streams,6Nm6e35sK8k,done
@ORAFKUN,streams,o7fd_3HI1L0,done
@ORAFKUN,streams,IaQ5pBjmv24,done
@ORAFKUN,streams,qyRDUuV6Hro,done
@ORAFKUN,streams,Tgz4P7p6Ois,done
@ORAFKUN,streams,zdF4EYloEZY,done
@ORAFKUN,streams,vnEhMpBejGk,done
@ORAFKUN,streams,SCWWoln11g0,done
@ORAFKUN,streams,2TbsdG8kTFM,done
@ORAFKUN,streams,MPjt1B0hIaA,done
@ORAFKUN,streams,A4rXfSfi5U4,done
@ORAFKUN,streams,zInX3mebjRc,done
@ORAFKUN,streams,3SAvkwrxNNA,done
@ORAFKUN,streams,0TtgrJgSc7I,done
@ORAFKUN,streams,q2tkP7caXiw,done
@ORAFKUN,streams,PhijZrc15UU,done
@ORAFKUN,streams,7ZkmijEuHlg,done
@ORAFKUN,streams,Z98T7dGBnSc,done
@ORAFKUN,streams,nmYdAUZK-bE,done
@ORAFKUN,streams,NaKD7fwpimM,done
@ORAFKUN,streams,80JYQKm0eOo,done
@ORAFKUN,streams,KA-pZpSlCG4,done
@ORAFKUN,streams,kKvxBXe01v8,done
@ORAFKUN,streams,pA_5n7rODmY,done
@ORAFKUN,streams,HJCIX46ebQc,done
@ORAFKUN,streams,pW_lI366CxE,done
@ORAFKUN,streams,1SglHpFQMRA,done
@ORAFKUN,streams,OlUyJmIxuo0,done
@ORAFKUN,streams,ZYNeIER05OI,done
@ORAFKUN,streams,FEPw3deNXZY,done
@ORAFKUN,streams,DxRXxeqFBJo,done
@ORAFKUN,streams,h7kdIwS-TMA,done
@ORAFKUN,streams,7Trmaalt700,done
@ORAFKUN,streams,YJBDIK4Se9g,done
@ORAFKUN,streams,S-blwDoQVrU,done
@ORAFKUN,streams,RcZmEk_krvg,done
@ORAFKUN,streams,8Ns6zV6bRyw,done
@ORAFKUN,streams,t8WRKiukdQw,done
@ORAFKUN,streams,uqnwvQ_Sa_8,done
@ORAFKUN,streams,OcHmU2Pnizc,done
@ORAFKUN,streams,O9Tgz3EdpDM,done
@ORAFKUN,streams,DIzSVOUiSyg,done
@ORAFKUN,streams,nQRq02VrpqA,done
@ORAFKUN,streams,JYLYx0E1dJs,done
@ORAFKUN,streams,ecDfJJdABnI,done
@ORAFKUN,streams,aA8YAYmnVg8,done
@ORAFKUN,streams,S2nTecFc1XY,done
@ORAFKUN,streams,hayrCYZePRI,done
@ORAFKUN,streams,TSjEATWSomg,done
@ORAFKUN,streams,IBaQGsfi_oA,done
@ORAFKUN,streams,CwtpCnJ5cmQ,done
@ORAFKUN,streams,4PFSWOBw5CE,done
@ORAFKUN,streams,qVqSOB8kM1Y,done
@ORAFKUN,streams,_hziFpjNvOY,done
@ORAFKUN,streams,vA2mMz6p9gE,done
@ORAFKUN,streams,kKMbPupBAGU,done
@ORAFKUN,streams,WUHvZsuqOlc,done
@ORAFKUN,streams,eYr4OTXMxBQ,done
@ORAFKUN,streams,U1p9pOTdrXE,done
@ORAFKUN,streams,fgrfTEOAdZ4,done
@ORAFKUN,streams,vk5aw6fg7fU,done
@ORAFKUN,streams,rBimQhCMw54,done
@ORAFKUN,streams,3dIe0SGXnZg,done
@ORAFKUN,streams,NnHNIF1Qgjo,done
@ORAFKUN,streams,lRdwGAPbd4Q,done
@ORAFKUN,streams,x5DatqPmQE4,done
@ORAFKUN,streams,0vwQbvrAHfs,done
@ORAFKUN,streams,64tAtcBKV_Y,done
@ORAFKUN,streams,-1l1MsDqyZo,done
@ORAFKUN,streams,B0RJCkFnSYM,done
@ORAFKUN,streams,DRn-r2QxLjA,done
@ORAFKUN,streams,qWproiAz93I,done
@ORAFKUN,streams,3c1OU43NZwI,done
@ORAFKUN,streams,4zaAbRGE7qw,done
@ORAFKUN,streams,nG8XHbFg7uo,done
@ORAFKUN,streams,2NCGbcg2FaI,done
@ORAFKUN,streams,FmGUfUizpY4,done
@ORAFKUN,streams,PKTCOTH6jDw,done
@ORAFKUN,streams,zqAXRzla468,done
@ORAFKUN,streams,Zhva9akobJ8,done
@ORAFKUN,streams,m7iLt2Qwkic,done
@ORAFKUN,streams,fk4448xrpng,done
@ORAFKUN,streams,OP_MflkFAE8,done
@ORAFKUN,streams,YGOfaw2982s,done
@ORAFKUN,streams,GUBwG7_w1Us,done
@ORAFKUN,streams,Tlk03Xt9zNQ,done
@ORAFKUN,streams,4KL5E69voAA,done
@ORAFKUN,streams,ZiWmnrNNc8Y,done
@ORAFKUN,streams,HnNKeoUa_8I,done
@ORAFKUN,streams,LxPKxCW7hTo,done
@ORAFKUN,streams,aqGJTWwxin0,done
@ORAFKUN,streams,3k9OLSayGHs,done
@ORAFKUN,streams,qupJKA-9tuM,done
@ORAFKUN,streams,BUtBRhi-wto,done
@ORAFKUN,streams,k75V8HQRBks,done
@ORAFKUN,streams,shmv4Xpl-uM,done
@ORAFKUN,streams,B1LFVKbhc1I,done
@ORAFKUN,streams,Exik_9Ya79g,done
@ORAFKUN,streams,6qaCryAh6PE,done
@ORAFKUN,streams,4DIXQPMVWd4,done
@ORAFKUN,streams,IOxcr6d9r0s,done
@ORAFKUN,streams,lWIwz1XLOLY,done
@ORAFKUN,streams,28WX7Wk6J0s,done
@ORAFKUN,streams,7IkBg2KLZzg,done
@ORAFKUN,streams,4yIxc-79M4E,done
@ORAFKUN,streams,T8pCLQXvH48,done
@ORAFKUN,streams,ZW_ZClW0IFo,done
@ORAFKUN,streams,gCDR3Jgot7E,done
@ORAFKUN,streams,SVYSkAkOz4w,done
@ORAFKUN,streams,WpvHuEBzim4,done
@ORAFKUN,streams,h1EEMnCPNZY,done
@ORAFKUN,streams,l8pZrTmJmio,done
@ORAFKUN,streams,75wFukhoIm8,done
@ORAFKUN,streams,-RledHK_eN8,done
@ORAFKUN,streams,AG_zu9D_-Vs,done
@ORAFKUN,streams,esPsAJsMeI8,done
@ORAFKUN,streams,ijZJ4kfWZuo,done
@ORAFKUN,streams,w9j3XBPzFyU,done
@ORAFKUN,streams,fX0BLhTCnA4,done
@ORAFKUN,streams,NI8pnLbFqQ4,done
@ORAFKUN,streams,Lo6KskXwOjA,done
@ORAFKUN,streams,nBoyNPrlkBk,done
@ORAFKUN,streams,4vnHndwgU10,done
@ORAFKUN,streams,F99FNk8iUQ8,done
@ORAFKUN,streams,9USli7jKt9Y,done
@ORAFKUN,streams,nSQ3D7Rkqv4,done
@ORAFKUN,streams,jLSCwcoXjQA,done
@ORAFKUN,streams,lF7zO-cRhO4,done
@ORAFKUN,streams,LBW_N7FDKQA,no
@ORAFKUN,streams,U138FOik55k,no
@ORAFKUN,streams,8zfcpnSyZYo,no
@ORAFKUN,streams,4LXKkgNWnYk,no
@ORAFKUN,streams,L1-f-NZQYEU,no
@ORAFKUN,streams,e3j5oiMpN3k,no
@ORAFKUN,streams,nrYs5DnMBL4,no
@ORAFKUN,streams,04Wqi29wDYU,no
@ORAFKUN,streams,aZiA53odDKI,no
@ORAFKUN,streams,thp3RPErZnU,no
@ORAFKUN,streams,8KiG6VqhONc,no
@ORAFKUN,streams,2aUin5Y88G8,no
@ORAFKUN,streams,oCFFqioo5OI,no
@ORAFKUN,streams,hGd0J8kg7hM,no
@ORAFKUN,streams,MqbMPd55nso,no
@ORAFKUN,streams,F6X9TUkrMgM,no
@ORAFKUN,streams,8ccRo_hq0lw,no
@ORAFKUN,streams,wf_dVqC-fYI,no
@ORAFKUN,streams,7GKrri77MRE,no
@ORAFKUN,streams,WYijiZytL3w,no
@ORAFKUN,streams,UYntVqioFvg,no
@ORAFKUN,streams,QiV1mDcO7s0,no
@ORAFKUN,streams,uwS7U6dEU60,no
@ORAFKUN,streams,K66EmAuHRN8,no
@ORAFKUN,streams,Jl1MDbrraGs,no
@ORAFKUN,streams,ehmfwjvwoWM,no
@ORAFKUN,streams,meL2Tq9NXsA,no
@ORAFKUN,streams,tl5fBNdEw1g,no
@ORAFKUN,streams,hyKM7jyU78w,no
@ORAFKUN,streams,3zxqf3ctWzg,no
@ORAFKUN,streams,GHuC0BXA13E,no
@ORAFKUN,streams,ndOdUdeureY,no
@ORAFKUN,streams,8fwp9RyBWfE,no
@ORAFKUN,streams,dMBugg6LfjM,no
@ORAFKUN,streams,UencvC5j8cs,no
@ORAFKUN,streams,p4pjdC3aV7c,no
@ORAFKUN,streams,nVHgqm09XZE,no
@ORAFKUN,streams,1iGEybqr6Jg,no
@ORAFKUN,streams,W0YhfyK4jBU,no
@ORAFKUN,streams,t7TvoxtrpOI,no
@ORAFKUN,streams,q-DBqG_Ls7g,no
@ORAFKUN,streams,3-nxy8l1hNY,no
@ORAFKUN,streams,AwiZppMT8O8,no
@ORAFKUN,streams,uQGZvzJmc60,no
@ORAFKUN,streams,Apib1Zl_Jzw,no
@ORAFKUN,streams,LsNEhmK8uT4,no
@ORAFKUN,streams,IKj97vxhWi0,no
@ORAFKUN,streams,i42InZqqqLw,no
@ORAFKUN,streams,wVGyN8IBY-4,no
@ORAFKUN,streams,5F-cotx_JIE,no
@ORAFKUN,streams,Jx8Hm1606nQ,no
@ORAFKUN,streams,e2BcrG7bFbo,no
@ORAFKUN,streams,VGuYDNTRoss,no
@ORAFKUN,streams,JDhnokaiupk,no
@ORAFKUN,streams,MAS6BceWELo,no
@ORAFKUN,streams,jUA0Miu1-7s,no
@ORAFKUN,streams,xmfntF_qX6U,no
@ORAFKUN,streams,cp6eHsW8zsU,no
@ORAFKUN,streams,tZ6SuGGYAw4,no
@ORAFKUN,streams,N_xfr66klDo,no
@ORAFKUN,streams,rEYQogdoE3w,no
@ORAFKUN,streams,gtEylZZDE88,no
@ORAFKUN,streams,7qjclyHh5iA,no
@ORAFKUN,streams,ziT_DWb-2Ok,no
@ORAFKUN,streams,8v_iBlE6Kto,no
@ORAFKUN,streams,Fas3vNm9C3o,no
@ORAFKUN,streams,Ej5-bw7aw4E,no
@ORAFKUN,streams,AS2TAJddaiQ,no
@ORAFKUN,streams,I4G2Nt-yHcs,no
@ORAFKUN,streams,6PNbVLTVnM4,no
@ORAFKUN,streams,LoFwOz1WTd0,no
@ORAFKUN,streams,ztL2L8Vkhrw,no
@ORAFKUN,streams,OLph7XOBO6w,no
@ORAFKUN,streams,sRWzMFnlSYU,no
@ORAFKUN,streams,FpN70An20uw,no
@ORAFKUN,streams,mT9TbbEf588,no
@ORAFKUN,streams,yCsoQfeoPps,no
@ORAFKUN,streams,rFRHLKYIly8,no
@ORAFKUN,streams,JKmu21U14NQ,no
@ORAFKUN,streams,USCs16__XXo,no
@ORAFKUN,streams,m3gx0paew4w,no
@ORAFKUN,streams,mfZYdOg9Rg0,no
@ORAFKUN,streams,SsEO4ItgUhQ,no
@ORAFKUN,streams,IE0OEu1Sfig,no
@ORAFKUN,streams,4fpUwPweA_8,no
@ORAFKUN,streams,0MyZXmM7qj4,no
@ORAFKUN,streams,y2cKGGjTy9I,no
@ORAFKUN,streams,YX81Gf-OT1s,no
@ORAFKUN,streams,aoVPi7lpIro,no
@ORAFKUN,streams,XJOi5IybW1E,no
@ORAFKUN,streams,f_PdcyUcjfs,no
@ORAFKUN,streams,hzLVVTwdi-c,no
@ORAFKUN,streams,ozejT8PPUO0,no
@ORAFKUN,streams,j9817Pr9HtI,no
@ORAFKUN,streams,UwY-PCXPxjU,no
@ORAFKUN,streams,NKzWQRrEW4o,no
@ORAFKUN,streams,Jc5SGYBbvYk,no
@ORAFKUN,streams,dHd4WpJd3YM,no
@ORAFKUN,streams,8kUjWsQq5Fs,no
@ORAFKUN,streams,RJB7uYoWn9I,no
@ORAFKUN,streams,Pg6bWgMFGhA,no
@ORAFKUN,streams,tMnJdKQcUI4,no
@ORAFKUN,streams,NdSKdHJqhPw,no
@ORAFKUN,streams,iITwSNtIY-E,no
@ORAFKUN,streams,Ap46x9sKsRM,no
@ORAFKUN,streams,qSHDKhyB9E0,no
@ORAFKUN,streams,caNYJjovBRo,no
@ORAFKUN,streams,c4g7gC6hiB0,no
@ORAFKUN,streams,EAY55Xf81kU,no
@ORAFKUN,streams,RwND7nQ9c3w,no
@ORAFKUN,streams,XMrFOIUC2FU,no
@ORAFKUN,streams,BFOV5Zb1TIg,no
@ORAFKUN,streams,K1QMAY5n68A,no
@ORAFKUN,streams,fUVmV2-WTIU,no
@ORAFKUN,streams,he8qqrWdsMM,no
@ORAFKUN,streams,2VliQRU_mc0,no
@ORAFKUN,streams,YlKJEVMtceo,no
@ORAFKUN,streams,UqauLJpUPyk,no
@ORAFKUN,streams,Yk-PEQgw8ow,no
@ORAFKUN,streams,SuIp2Wlwymk,no
@ORAFKUN,streams,JoIy7q0yPKI,no
@ORAFKUN,streams,tBsZsBBDDIs,no
@ORAFKUN,streams,SKikm6rl22s,no
@ORAFKUN,streams,mzCI4vy3UYI,no
@ORAFKUN,streams,9NVRuH-twEQ,no
@ORAFKUN,streams,Hy4PL5E0FDk,no
@ORAFKUN,streams,xkqbRug6oIg,no
@ORAFKUN,streams,D87XZFraUo8,no
@ORAFKUN,streams,Kk9dB9zXyvE,no
@ORAFKUN,streams,0XuLfrTyC-M,no
@ORAFKUN,streams,Sf2lz1yF3xg,no
@ORAFKUN,streams,07TZ3sHnNS0,no
@ORAFKUN,streams,lmdzGsOGjSE,no
@ORAFKUN,streams,z5rFyJ3lwgs,no
@ORAFKUN,streams,0HbhIT8S17U,no
@ORAFKUN,streams,8U7mWwfrbe4,no
@ORAFKUN,streams,fHE96Uq5wpE,no
@ORAFKUN,streams,GzbHwEUpz-Q,no
@ORAFKUN,streams,CVI8ogpGsno,no
@ORAFKUN,streams,sc0D0pLqUcg,no
@ORAFKUN,streams,hJT0N_jWBK0,no
@ORAFKUN,streams,0sr-7nPGmaY,no
@ORAFKUN,streams,9UU3IGgojV0,no
@ORAFKUN,streams,5Mq4zKYxcBk,no
@ORAFKUN,streams,Uvl2lYo-nCw,no
@ORAFKUN,streams,A8YP_2uHNbU,no
@ORAFKUN,streams,FMrMdcxhZKQ,no
@ORAFKUN,streams,qtrHXoMaDnU,no
@ORAFKUN,streams,Xbnbl-jwCvY,no
@ORAFKUN,streams,NDoNUhnkEts,no
@ORAFKUN,streams,eYfrw-b1XOw,no
@ORAFKUN,streams,yF8EhbhpJio,no
@ORAFKUN,streams,-JFIrvNDY5o,no
@ORAFKUN,streams,6I5Ur7O5mi8,no
@ORAFKUN,streams,Sj0eTp6vSwY,no
@ORAFKUN,streams,X4yzjkqV5-0,no
@ORAFKUN,streams,tcGpZHla0vE,no
@ORAFKUN,streams,AhFkFJsyUHA,no
@ORAFKUN,streams,4D4aWzOqrOs,no
@ORAFKUN,streams,U1xtXtlsdoY,no
@ORAFKUN,streams,sQ6-RKdCveY,no
@ORAFKUN,streams,8XR1UO0kLTk,no
@ORAFKUN,streams,K_RK-fHzCYo,no
@ORAFKUN,streams,DDXUjC5qNJA,no
@ORAFKUN,streams,BZ0_5_hXdck,no
@ORAFKUN,streams,9CRuDwDlWhk,no
@ORAFKUN,streams,lFU0AGep6Wg,no
@ORAFKUN,streams,PkD1dOzoM2E,no
@ORAFKUN,streams,W-Xt7aguOqI,no
@ORAFKUN,streams,948AOVooyiM,no
@ORAFKUN,streams,1P3NiYwYJao,no
@ORAFKUN,streams,KYzFM2q_730,no
@ORAFKUN,streams,h_KSDVwF_gw,no
@ORAFKUN,streams,FLB2v7682Dg,no
@ORAFKUN,streams,pncnyzmVTJ0,no
@ORAFKUN,streams,PqHE9797478,no
@ORAFKUN,streams,W5ys7Y93gEY,no
@ORAFKUN,streams,UKOxvK0pZCk,no
@ORAFKUN,streams,d_mSMOoxdgQ,no
@ORAFKUN,streams,1MYNLtVXXbQ,no
@ORAFKUN,streams,mV6c1woJ6IA,no
@ORAFKUN,streams,VQP1Jg0wy3M,no
@ORAFKUN,streams,-UfBfNQErvk,no
@ORAFKUN,streams,QSkIaHqzXTU,no
@ORAFKUN,streams,vYznOGsJ2ak,no
@ORAFKUN,streams,JYO2E7CewW4,no
@ORAFKUN,streams,7Gh9ay5FyMo,no
@ORAFKUN,streams,C1N22zmLd6s,no
@ORAFKUN,streams,Rf3diOslFOY,no
@ORAFKUN,streams,zG7r7N5HQkk,no
@ORAFKUN,streams,ry9IMcCIHkM,no
@ORAFKUN,streams,rJRgPth1L4Y,no
@ORAFKUN,streams,GbrvxQpEOQw,no
@ORAFKUN,streams,_5-yNi9WpIk,no
@ORAFKUN,streams,9ZnQmS_PqVg,no
@ORAFKUN,streams,4MUk3kR1z4A,no
@ORAFKUN,streams,yxIuZMsiTqQ,no
@ORAFKUN,streams,KJwdVNPH0jM,no
@ORAFKUN,streams,L_U5Eo3Ptz8,no
@ORAFKUN,streams,dVyvI-PSVLU,no
@ORAFKUN,streams,-4KAAR6BX9c,no
@ORAFKUN,streams,fM3vJVcwZeQ,no
@ORAFKUN,streams,nmj9x1JUpvM,no
@ORAFKUN,streams,Y3qILPBqe54,no
@ORAFKUN,streams,4DhIGGP_Bm0,no
@ORAFKUN,streams,thBlsYKsE_w,no
@ORAFKUN,streams,xARVzvSBpcE,no
@ORAFKUN,streams,NFpL-1lD-mc,no
@ORAFKUN,streams,kQEdfzF27s8,no
@ORAFKUN,streams,7BHOa3x6kb8,no
@ORAFKUN,streams,jWprwbIrBOU,no
@ORAFKUN,streams,LN8PINDHe-c,no
@ORAFKUN,streams,F7heCkli7hE,no
@ORAFKUN,streams,t9mAChmZImE,no
@ORAFKUN,streams,p8QQ0VHL3S0,no
@ORAFKUN,streams,MeGujhiKCnM,no
@ORAFKUN,streams,EDT2-VrhGn0,no
@ORAFKUN,streams,ORTk8dIQNOQ,no
@ORAFKUN,streams,9plOl0ntqEA,no
@ORAFKUN,streams,LotQjDXr7f0,no
@ORAFKUN,streams,Vwo_jvNbLDw,no
@ORAFKUN,streams,U-S6X1SroVc,no
@ORAFKUN,streams,D98XfxWfnIU,no
@ORAFKUN,streams,33nwDPoXvs8,no
@ORAFKUN,streams,ZoozxoeQgVg,no
@ORAFKUN,streams,6pgGUwm5d_k,no
@ORAFKUN,streams,fdezece3Mu0,no
